{"cameraMode":{"drawMode":0,"name":"Shaded","section":"Shading Mode"},"sceneLighting":false,"audioPlay":false,"sceneViewState":{"m_AlwaysRefresh":false,"showFog":true,"showSkybox":false,"showFlares":true,"showImageEffects":true,"showParticleSystems":true,"showVisualEffectGraphs":true,"m_FxEnabled":true},"in2DMode":false,"pivot":{"x":0.47918084263801577,"y":0.41616958379745486,"z":0.057137489318847659},"rotation":{"x":-0.017875973135232927,"y":0.11671432852745056,"z":0.002101084915921092,"w":0.9930022954940796},"size":1.0339648723602296,"orthographic":false}